transaction_id,customer_id,transaction_local_ts,amount,currency,merchant_name,transaction_status,response_code,fraud_score,channel,transaction_country
TRX-DEMO0000000000001,CLI-DEMO00000001,2026-06-10 13:42:10,350,USD,Super Ahorro,Approved,00,12.4,App,MX
TRX-DEMO0000000000002,CLI-DEMO00000001,2026-06-12 20:05:33,89.9,USD,Cable TV,Approved,00,8.1,Web,MX
TRX-DEMO0000000000003,CLI-DEMO00000001,2026-06-03 02:17:48,120,USD,Conciertos Live,Approved,00,41.7,Web,MX
TRX-DEMO0000000000004,CLI-DEMO00000001,2026-06-16 09:30:02,45,USD,Gasolinera Express,Pending,05,16.3,App,MX
TRX-DEMO0000000000005,CLI-DEMO00000001,2026-06-05 18:11:27,230,USD,Restaurante El Buen Sabor,Reversed,14,9.9,App,MX
TRX-DEMO0000000000006,CLI-DEMO00000001,2026-06-14 11:48:55,560,USD,Empresa Telefónica,Declined,51,14.2,App,MX
TRX-DEMO0000000000007,CLI-DEMO00000001,2026-06-11 08:02:14,25,USD,Tienda Don José,Approved,00,11.0,App,MX
TRX-DEMO0000000000008,CLI-DEMO00000001,2026-06-12 08:15:40,25,USD,Super Ahorro,Approved,00,13.5,App,MX
TRX-DEMO0000000000009,CLI-DEMO00000001,2026-02-27 19:22:03,350,USD,Tienda Don José,Approved,00,10.2,App,MX
TRX-DEMO0000000000010,CLI-DEMO00000001,2026-04-12 20:04:51,89.9,USD,Cable TV,Approved,00,7.7,Web,MX
TRX-DEMO0000000000011,CLI-DEMO00000001,2026-05-12 20:06:12,89.9,USD,Cable TV,Approved,00,8.4,Web,MX
TRX-OTHER000000000001,CLI-OTHER0000000001,2026-06-10 10:00:00,350,USD,Super Ahorro,Approved,00,5,App,MX
